id_demandeur;Nom_demandeur
1;BIG BAND STORY
2;MURMURES PRODUCTIONS
3;EX NIHILO
4;3EME OEIL STORY
5;CINETEVE
6;CHABRAQUE PRODUCTIONS
7;LES FILMS DU MARIGOT
8;TOGETHER MEDIA 2
9;MON VOISIN PRODUCTIONS
10;EGO PRODUCTION
11;LES FILMS DU KIOSQUE
12;LGM CINEMA
13;SON ET LUMIERE
14;SEPTEMBRE PRODUCTIONS
15;BH PARIS MEDIA PRODUCTIONS
16;EXILENE FILMS
17;DELANTE FILMS
18;VAB
19;EMPREINTE DIGITALE
20;THE OLIGARCHS PRODUCTIONS
21;GEM FILMS
22;KANZAMAN FRANCE
23;ASTHARTE ET COMPAGNIE
24;KWAI
25;GAZELLE ET CIE
26;J2F PRODUCTION
27;MIDNIGHT CUT
28;STUDIO BAGEL PRODUCTIONS
29;MACONDO
30;CMP MOVIES
31;SBS FILMS
32;NOLITA CINEMA
33;ECHO FILMS
34;PAN EUROPENNE PRODUCTION
35;CINE @
36;MIZAR FILMS
37;LOMA NASHA PRODUCTION
38;LES COMPAGNONS DU CINEMA
39;SOMBRERO PRODUCTIONS
40;CHI FOU MI PRODUCTIONS
41;LES PRODUCTIONS DU TRESOR
42;SRAB FILMS
43;AXEL FILMS
44;LGM FILMS
45;LES FILMS VELVET
46;LES FILMS DU POISSON
47;MANDARIN FILMS
48;KAZAK PRODUCTIONS
49;IN VIVO FILMS
50;RADAR FILMS
51;BELLE EPOQUE FILMS
52;PETIT FILM
53;ARPROD
54;LA PETITE REINE
55;247 FILMS
56;LES FILMS DE PIERRE
57;LES IMPRODUCTIBLES
58;LES FILMS DU CAP
59;2425 ING PRODUCTION
60;INCOGNITA
61;MILLE ET UNE FILMS
62;OVERDRIVE PRODUCTIONS
63;AVENUE B
64;ACORT
65;HAUT ET COURT
66;FIRSTEP
67;CURIOSA FILMS
68;WY PRODUCTIONS
69;DAY FOR NIGHT
70;BLUE MONDAY PRODUCTIONS
71;BETHSABEE MUCHO
72;DE L'AUTRE COTE DU DU PERIPH
73;F COMME FILM
74;HAUT LES MAINS
75;TS PRODUCTIONS
76;BAYOO
77;LES FILMS DU 24
78;BLINK FILMS
79;ADCB FILMS
80;L'ATELIER DE PRODUCTION
81;WHY NOT PRODUCTIONS
82;HANNA FILMS
83;EUROPA CORP
84;TABO TABO FILMS
85;VENDOME PRODUCTION
86;MY FAMILY
87;PILI FILMS
88;ELZEVIR FILMS
89;LES FILMS MANUEL MUNZ
90;FILMING IN FRANCE
91;CHAPTER 2
92;MOVE MOVIE
93;QUAD
94;BEAUBOUG AUDIOVISUEL
95;THALIE IMAGES
96;METHOD FILMS
97;BLISS
98;KAWANIMATION
99;ROCKZELINE
100;CALT PRODUCTION
101;PARIS 818 MEDIA
102;DEMD PRODUCTIONS
103;MAKING PROD
104;ANGELE FINE PRODUCTIONS
105;6 COM
106;GAUMONT TELEVISION
107;SMALL BANG
108;MERLIN PRODUCTIONS
109;SERVICE PARIS PRODUCTION
110;MANDARIN CINEMA
111;SOFILMS
112;FEDERATION ENTERTAINMENT
113;MBC INCORPORATE
114;VIGO FILMS
115;KARE PRODUCTIONS
116;RECTANGLE PRODUCTIONS
117;THE FILM
118;ICI ET LA PRODUCTIONS
119;PATHE TELEVISION
120;JET FILMS
121;FECHNER FILMS
122;LES FILMS MONTAIGNE
123;UNITE DE PRODUCTION
124;LES FILMS DU LENDEMAIN
125;KOI FILMS
126;LA RUCHE PRODUCTION
127;PENINSULA FILM
128;RECIFILMS
129;VIRGINIE FILMS
130;LA SORCIERE ROUGE
131;22H22 PRODUCTION
132;LES FILMS D'ICI
133;MACT PRODUCTIONS
134;KG PRODUCTIONS
135;SLOW FAST PRODUCTIONS
136;PULSAR PRODUCTIONS
137;WAITING FOR CINEMA
138;PARADIS FILMS
139;ALCATRAZ FILMS
140;MYFANTASY
141;LA ONDA PRODUCTIONS
142;ELODIE FAURE BOULUE
143;ELECTRON LIBRE PRODUCTIONS
144;LES FILMS DE DEMAIN
145;JLA PRODUCTIONS
146;ELEPHANT STORY
147;TWINCATS PRODUCTIONS
148;AGAT FILMS ET CIE
149;BRIDGES PRODUCTIONS
