id_realisateur;Nom_realisateur;Prenom_realisateur
1;MERCADIER;ARNAULD
2;MAZER;LEA
3;PERREAU;LAURENT
4;OBDIA;AGNES
5;GUIRADO;ERIC
6;RENIER;YVES
7;WOOD;MARTIN
8;FARGE;LOUIS
9;HERRY;JEANNE
10;LE ROUX;ERIC
11;BREITMAN;ZABOU
12;HERDT;NICOLAS
13;MERMOUD;FREDERIC
14;LAURENT;ALEXANDRE
15;KEUN CHUN;CHANG
16;BARRAUD;CHRISTOPHE
17;GUICHETEAU;NICOLAS
18;BESSON;AVRIL
19;COLBEAU;LUDOVIC
20;DELAMARRE;CAMILLE
21;ROCHANT;ERIC
22;DELPIAS;CHRISTOPHE
23;REINER;JEFFREY
24;CHUN-CHIEN;LIU
25;BOURSINHAC;MANUEL
26;DELPIAS;J.CHRISTOPHE
27;CAFIERO;STEPHEN
28;GIAFFERI;ANNE
29;MARELLI;STEPHANE
30;MINUI;JEREMY
31;BONNET;THEODORE
32;GARSON;FRED
33;DEJARDIN;MARJORY
34;GARREL;PHILIPPE
35;VIAL;CYPRIEN
36;KAZANDJIAN;STEPHANE
37;SAGLIO;NOEMIE
38;FONTAINE;ANNE
39;HAMI;RACHID
40;SAVIGNAC;COLOMBE
41;HAZANAVICIUS;MICHEL
42;DELAVAINE;ERIC
43;RENIER;JEREMIE
44;LEVY;ROMAIN
45;IDO;CEDRIC
46;BOUDALI;TAREK
47;STHERS;AMANDA
48;HALLARD;JULIEN
49;FINKIEL;EMMANUEL
50;KHERICI;REEM
51;LUSSI MODESTE;TEDDY
52;SILVER;NATHAN
53;BARTHELEMY;MAURICE
54;SWYER;ALAN
55;GORGEART;FABIEN
56;GALLIENNE;GUILLAUME
57;TECHINE;ANDRE
58;LANGMANN;THOMAS
59;GOBERT;FABRICE
60;DAVAL;ANNE GAELLE
61;CAMPILLO;ROBIN
62;GOVARE;MAXIME
63;BARY;NICOLAS
64;GOZLAN;YANN
65;AZIZA;MYRIAM
66;MEYS;OLIVIER
67;NEGRET;ANTONIO
68;FITOUSSI;MARC
69;YILDIZ;OZGUR
70;BERCOT;EMMANUELLE
71;MICHOD;DAVID
72;DANA;AUDREY
73;LESPERT;JALIL
74;BEDOS;NICOLAS
75;JEAN BAPTISTE;LUCIEN
76;TERKI;LIDIA
77;SERRAILLE;LEONOR
78;CANET;GUILLAUME
79;AZUELOS;LISA
80;COLBEAU JUSTIN;LUDOVIC
81;COMAR;ETIENNE
82;BERNARD;LUDOVIC
83;CHOPRA;ADITYA
84;LVOVSKY;NOVEMIE
85;SAITO;YUKI
86;CHENOUGA;CHAD
87;SILHOL;NICOLAS
88;YANG;YISHU
89;FORESTIER;FREDERIC
90;HRYNIAK;JAN
91;DUPONTEL;ALBERT
92;PROVOST;MARTIN
93;AYACHE VIDAL;OLIVIER
94;DESPLESCHIN;ARNAUD
95;SAVAGE;DOMINIC
96;ROCHER;DOMINIQUE
97;EBOUE;FABRICE
98;OZON;FRANCOIS
99;MARSHALL;TONIE
100;CHICHE;BRUNO
101;SCSWARTZ;VIRGINE
102;HAROUN;MAHAMAT-SALEH
103;GAREL WEISS;MARIE
104;MARCHAL;OLIVIER
105;AYADI;NAIDRA
106;SCHRAM;TESSA
107;AMERIS;JEAN PIERRE
108;ATTAL;YVAN
109;LE NY;ANNE
110;JAMAIN;VINCENT
111;LAVAINE;ERIC
112;MARIC;DAMIEN
113;LEPRETRE;CEDRIC
114;ZIDI;JULIEN
115;BLONDEL;QUENTIN
116;MARTIN;THIBAUD
117;CIRADE;SEBASTIEN
118;MALHERBE;ARNAUD
119;DENG;XIANCHENG
120;KOPECKY;STEPHAN
121;PRIMAULT;VINCENT
122;RODIONOFF;VLADIMIR
123;ESTROUGO;AUDREY
124;LYNCH;DAVID
125;MBALLO;SAMBA
126;LAFERRIERE;GABRIEL
127;THYBAUD;DENIS
128;JARDIN;FREDERIC
129;AGHION;GABRIEL
130;PROTEAU;PHILIPPE
131;BRANDSTROM;CHARLOTTE
132;DUMONT;NATH
133;HARTLEY;HALL
134;REILHAC;MICHEL
135;CAMPOS;CHRISTOPHE
136;POPOGREBSKY;ALEXEI
137;GUIMARD;FELIX
138;LOT;ALFRED
139;BRIANT;CHRIS
140;LEVY;SOPHIE
141;ZEFF;DAN
142;ASTIER;SIMON
143;SANG YEOP;LEE
144;VERRIER;VIRGINIE
145;LENOIR;BLANDINE
146;MOKNECHE;NADIR
147;LEMERCIER;VALERIE
148;ABADI;SOU
149;LAURENT;MELANIE
150;ZONCA;ERICK
151;ROBELIN;STEPHANE
152;BOON;DANY
153;SAUDAGAR;SHUJAAT
154;LACHEAU;PHILIPPE
155;DAVY;JEAN FRANCOIS
156;MENNEGUN;CYRIL
157;DOILLON;JACQUES
158;DOM;FRANCHIN
159;DE PERRETI;THIERRY
160;NGUYEN;KIM
161;FOLEY;JAMES
162;MAGNIER;FRANCK
163;HYGRECK;JULY
164;BRISSEAU;JEAN CLAUDE
165;TARDIEU;CARINE
166;FARRUGIA;DOMINIQUE
167;LEVY;LORRAINE
168;COMMUNIQUE;NON
169;BOURDIAUX;PASCAL
170;CABELLO REYES;HECTOR
171;BOURDOS;GILLES
172;MOREAU;DAVID
173;MARCHAK;NATHALIE
174;BIONDANI;WILLY
175;LEGRAND;XAVIER
176;SIDDIG;SADAM
177;DE CHAUVERON;PHILIPPE
178;AMALRIC;MATHIEU
179;DELUC;EDOUARD
180;SCHWOCHOW;CHRISTIAN
181;SAMUEL;JOUY
182;LAPIERRE;PAUL
183;KARMANN;LEO
184;FAURE BOULUE;ELODIE
185;WALSH;DEARBHLA
186;BERTRAND;JEAN LUC
187;SEVERI;SHAUN
188;SID;PASCAL
189;KHEDIRI;SAID
190;OCCO;DAN
191;LEFEBVRE;PHILIPPE
192;LATTUADA;AXEL
193;GUEZ;MATEO
194;GALLIENNE;GULLAUME
195;KOURTCHINE;DIMITRI
196;TOLENADO;ERIC
197;NAKACHE;OLIVIER
198;MOCTARI;MOHAMED MUSTAPHA `MAMANE`
